<?xml version="1.0" encoding="UTF-8"?>
<FlexiPage xmlns="http://soap.sforce.com/2006/04/metadata">
    <flexiPageRegions>
        <name>region1</name>
        <type>Region</type>
    </flexiPageRegions>
    <flexiPageRegions>
        <componentInstances>
            <componentName>navToHome</componentName>
        </componentInstances>
        <componentInstances>
            <componentName>navToChatterHome</componentName>
        </componentInstances>
        <componentInstances>
            <componentName>navToFilesHome</componentName>
        </componentInstances>
        <name>region2</name>
        <type>Region</type>
    </flexiPageRegions>
    <flexiPageRegions>
        <componentInstances>
            <componentName>navToHelloTab</componentName>
        </componentInstances>
        <componentInstances>
            <componentName>navToListView</componentName>
        </componentInstances>
        <componentInstances>
            <componentName>navToRelatedList</componentName>
        </componentInstances>
        <name>region3</name>
        <type>Region</type>
    </flexiPageRegions>
    <flexiPageRegions>
        <componentInstances>
            <componentName>navToNewRecord</componentName>
        </componentInstances>
        <componentInstances>
            <componentName>navToRecord</componentName>
        </componentInstances>
        <name>region4</name>
        <type>Region</type>
    </flexiPageRegions>
    <masterLabel>Navigation</masterLabel>
    <template>
        <name>flexipage:appHomeTemplateHeaderThreeColumns</name>
    </template>
    <type>AppPage</type>
</FlexiPage>
