<?xml version="1.0" encoding="UTF-8"?>
<CustomObject xmlns="http://soap.sforce.com/2006/04/metadata">
    <actionOverrides>
        <actionName>AddCampaign</actionName>
        <type>Default</type>
    </actionOverrides>
    <actionOverrides>
        <actionName>AddToCampaign</actionName>
        <type>Default</type>
    </actionOverrides>
    <actionOverrides>
        <actionName>CallHighlightAction</actionName>
        <type>Default</type>
    </actionOverrides>
    <actionOverrides>
        <actionName>CancelEdit</actionName>
        <type>Default</type>
    </actionOverrides>
    <actionOverrides>
        <actionName>Clone</actionName>
        <type>Default</type>
    </actionOverrides>
    <actionOverrides>
        <actionName>Delete</actionName>
        <type>Default</type>
    </actionOverrides>
    <actionOverrides>
        <actionName>Edit</actionName>
        <type>Default</type>
    </actionOverrides>
    <actionOverrides>
        <actionName>EmailHighlightAction</actionName>
        <type>Default</type>
    </actionOverrides>
    <actionOverrides>
        <actionName>EnableCustomerPortal</actionName>
        <type>Default</type>
    </actionOverrides>
    <actionOverrides>
        <actionName>EnablePartnerPortalUser</actionName>
        <type>Default</type>
    </actionOverrides>
    <actionOverrides>
        <actionName>EnableSelfService</actionName>
        <type>Default</type>
    </actionOverrides>
    <actionOverrides>
        <actionName>List</actionName>
        <type>Default</type>
    </actionOverrides>
    <actionOverrides>
        <actionName>ListClean</actionName>
        <type>Default</type>
    </actionOverrides>
    <actionOverrides>
        <actionName>Merge</actionName>
        <type>Default</type>
    </actionOverrides>
    <actionOverrides>
        <actionName>NewContact</actionName>
        <type>Default</type>
    </actionOverrides>
    <actionOverrides>
        <actionName>RequestUpdate</actionName>
        <type>Default</type>
    </actionOverrides>
    <actionOverrides>
        <actionName>SaveEdit</actionName>
        <type>Default</type>
    </actionOverrides>
    <actionOverrides>
        <actionName>SmsHighlightAction</actionName>
        <type>Default</type>
    </actionOverrides>
    <actionOverrides>
        <actionName>Tab</actionName>
        <type>Default</type>
    </actionOverrides>
    <actionOverrides>
        <actionName>View</actionName>
        <type>Default</type>
    </actionOverrides>
    <actionOverrides>
        <actionName>ViewCustomerPortal</actionName>
        <type>Default</type>
    </actionOverrides>
    <actionOverrides>
        <actionName>ViewPartnerPortalUser</actionName>
        <type>Default</type>
    </actionOverrides>
    <actionOverrides>
        <actionName>ViewSelfService</actionName>
        <type>Default</type>
    </actionOverrides>
    <compactLayoutAssignment>SYSTEM</compactLayoutAssignment>
    <enableFeeds>true</enableFeeds>
    <enableHistory>false</enableHistory>
    <searchLayouts>
        <customTabListAdditionalFields>FULL_NAME</customTabListAdditionalFields>
        <customTabListAdditionalFields>ACCOUNT.NAME</customTabListAdditionalFields>
        <customTabListAdditionalFields>CONTACT.PHONE1</customTabListAdditionalFields>
        <lookupDialogsAdditionalFields>FULL_NAME</lookupDialogsAdditionalFields>
        <lookupDialogsAdditionalFields>ACCOUNT.NAME</lookupDialogsAdditionalFields>
        <lookupDialogsAdditionalFields>ACCOUNT.SITE</lookupDialogsAdditionalFields>
        <lookupPhoneDialogsAdditionalFields>FULL_NAME</lookupPhoneDialogsAdditionalFields>
        <lookupPhoneDialogsAdditionalFields>ACCOUNT.NAME</lookupPhoneDialogsAdditionalFields>
        <lookupPhoneDialogsAdditionalFields>ACCOUNT.SITE</lookupPhoneDialogsAdditionalFields>
        <lookupPhoneDialogsAdditionalFields>CONTACT.PHONE1</lookupPhoneDialogsAdditionalFields>
        <lookupPhoneDialogsAdditionalFields>CONTACT.PHONE3</lookupPhoneDialogsAdditionalFields>
        <lookupPhoneDialogsAdditionalFields>CONTACT.PHONE4</lookupPhoneDialogsAdditionalFields>
        <lookupPhoneDialogsAdditionalFields>CONTACT.PHONE5</lookupPhoneDialogsAdditionalFields>
        <lookupPhoneDialogsAdditionalFields>CONTACT.PHONE6</lookupPhoneDialogsAdditionalFields>
        <searchResultsAdditionalFields>FULL_NAME</searchResultsAdditionalFields>
        <searchResultsAdditionalFields>ACCOUNT.NAME</searchResultsAdditionalFields>
        <searchResultsAdditionalFields>ACCOUNT.SITE</searchResultsAdditionalFields>
        <searchResultsAdditionalFields>CONTACT.PHONE1</searchResultsAdditionalFields>
        <searchResultsAdditionalFields>CONTACT.EMAIL</searchResultsAdditionalFields>
        <searchResultsAdditionalFields>CORE.USERS.ALIAS</searchResultsAdditionalFields>
    </searchLayouts>
    <sharingModel>ControlledByParent</sharingModel>
</CustomObject>
