<?xml version="1.0" encoding="UTF-8"?>
<PermissionSet xmlns="http://soap.sforce.com/2006/04/metadata">
    <applicationVisibilities>
        <application>LWC_Recipes</application>
        <visible>true</visible>
    </applicationVisibilities>
    <fieldPermissions>
        <editable>true</editable>
        <field>Contact.AccountId</field>
        <readable>true</readable>
    </fieldPermissions>
    <fieldPermissions>
        <editable>true</editable>
        <field>Contact.AssistantName</field>
        <readable>true</readable>
    </fieldPermissions>
    <fieldPermissions>
        <editable>true</editable>
        <field>Contact.AssistantPhone</field>
        <readable>true</readable>
    </fieldPermissions>
    <fieldPermissions>
        <editable>true</editable>
        <field>Contact.Birthdate</field>
        <readable>true</readable>
    </fieldPermissions>
    <fieldPermissions>
        <editable>false</editable>
        <field>Contact.CleanStatus</field>
        <readable>true</readable>
    </fieldPermissions>
    <fieldPermissions>
        <editable>true</editable>
        <field>Contact.Department</field>
        <readable>true</readable>
    </fieldPermissions>
    <fieldPermissions>
        <editable>true</editable>
        <field>Contact.Description</field>
        <readable>true</readable>
    </fieldPermissions>
    <fieldPermissions>
        <editable>true</editable>
        <field>Contact.DoNotCall</field>
        <readable>true</readable>
    </fieldPermissions>
    <fieldPermissions>
        <editable>true</editable>
        <field>Contact.Email</field>
        <readable>true</readable>
    </fieldPermissions>
    <fieldPermissions>
        <editable>true</editable>
        <field>Contact.Fax</field>
        <readable>true</readable>
    </fieldPermissions>
    <fieldPermissions>
        <editable>true</editable>
        <field>Contact.HasOptedOutOfEmail</field>
        <readable>true</readable>
    </fieldPermissions>
    <fieldPermissions>
        <editable>true</editable>
        <field>Contact.HasOptedOutOfFax</field>
        <readable>true</readable>
    </fieldPermissions>
    <fieldPermissions>
        <editable>true</editable>
        <field>Contact.HomePhone</field>
        <readable>true</readable>
    </fieldPermissions>
    <fieldPermissions>
        <editable>true</editable>
        <field>Contact.Jigsaw</field>
        <readable>true</readable>
    </fieldPermissions>
    <fieldPermissions>
        <editable>true</editable>
        <field>Contact.LeadSource</field>
        <readable>true</readable>
    </fieldPermissions>
    <fieldPermissions>
        <editable>true</editable>
        <field>Contact.MailingAddress</field>
        <readable>true</readable>
    </fieldPermissions>
    <fieldPermissions>
        <editable>true</editable>
        <field>Contact.MobilePhone</field>
        <readable>true</readable>
    </fieldPermissions>
    <fieldPermissions>
        <editable>true</editable>
        <field>Contact.OtherAddress</field>
        <readable>true</readable>
    </fieldPermissions>
    <fieldPermissions>
        <editable>true</editable>
        <field>Contact.OtherPhone</field>
        <readable>true</readable>
    </fieldPermissions>
    <fieldPermissions>
        <editable>true</editable>
        <field>Contact.Phone</field>
        <readable>true</readable>
    </fieldPermissions>
    <fieldPermissions>
        <editable>true</editable>
        <field>Contact.Picture__c</field>
        <readable>true</readable>
    </fieldPermissions>
    <fieldPermissions>
        <editable>true</editable>
        <field>Contact.ReportsToId</field>
        <readable>true</readable>
    </fieldPermissions>
    <fieldPermissions>
        <editable>true</editable>
        <field>Contact.Title</field>
        <readable>true</readable>
    </fieldPermissions>
    <hasActivationRequired>false</hasActivationRequired>
    <label>recipes</label>
    <objectPermissions>
        <allowCreate>true</allowCreate>
        <allowDelete>true</allowDelete>
        <allowEdit>true</allowEdit>
        <allowRead>true</allowRead>
        <modifyAllRecords>true</modifyAllRecords>
        <object>Contact</object>
        <viewAllRecords>true</viewAllRecords>
    </objectPermissions>
    <tabSettings>
        <tab>Apex</tab>
        <visibility>Visible</visibility>
    </tabSettings>
    <tabSettings>
        <tab>Aura_Interoperability</tab>
        <visibility>Visible</visibility>
    </tabSettings>
    <tabSettings>
        <tab>Composition</tab>
        <visibility>Visible</visibility>
    </tabSettings>
    <tabSettings>
        <tab>Data_Service</tab>
        <visibility>Visible</visibility>
    </tabSettings>
    <tabSettings>
        <tab>Events</tab>
        <visibility>Visible</visibility>
    </tabSettings>
    <tabSettings>
        <tab>Hello</tab>
        <visibility>Visible</visibility>
    </tabSettings>
    <tabSettings>
        <tab>Misc_Techniques</tab>
        <visibility>Visible</visibility>
    </tabSettings>
    <tabSettings>
        <tab>Navigation</tab>
        <visibility>Visible</visibility>
    </tabSettings>
    <tabSettings>
        <tab>Parent_to_Child</tab>
        <visibility>Visible</visibility>
    </tabSettings>
    <tabSettings>
        <tab>Pub_Sub</tab>
        <visibility>Visible</visibility>
    </tabSettings>
    <tabSettings>
        <tab>Wire</tab>
        <visibility>Visible</visibility>
    </tabSettings>
    <tabSettings>
        <tab>X3rd_Party_Libs</tab>
        <visibility>Visible</visibility>
    </tabSettings>
</PermissionSet>
